{"count":1,"self":14709.342208,"total":33406.6419371,"children":{"InitializeActuators":{"count":32,"self":0.008994799999999999,"total":0.008994799999999999,"children":null},"InitializeSensors":{"count":32,"self":0.008994,"total":0.008994,"children":null},"AgentSendState":{"count":821266,"self":316.7919616,"total":556.9300933,"children":{"CollectObservations":{"count":5256128,"self":73.760192,"total":73.7601904,"children":null},"WriteActionMask":{"count":5256128,"self":2.9813554,"total":2.9813554,"children":null},"RequestDecision":{"count":5256128,"self":23.3823632,"total":163.39658989999998,"children":{"AgentInfo.ToProto":{"count":5256128,"self":14.101300799999999,"total":140.0142265,"children":{"GenerateSensorData":{"count":5256128,"self":112.760832,"total":125.91292589999999,"children":{"RayPerceptionSensor.Perceive":{"count":10512256,"self":13.1520896,"total":13.152089799999999,"children":null}}}}}}}}},"DecideAction":{"count":821266,"self":17316.7935488,"total":17316.793537999998,"children":null},"AgentAct":{"count":821266,"self":785.5163904,"total":785.67394789999992,"children":{"AgentInfo.ToProto":{"count":3661,"self":0.025612,"total":0.1575705,"children":{"GenerateSensorData":{"count":3661,"self":0.122004,"total":0.1319585,"children":{"RayPerceptionSensor.Perceive":{"count":7322,"self":0.0099545,"total":0.0099545,"children":null}}}}}}},"AgentInfo.ToProto":{"count":962571,"self":5.7716496,"total":37.884828399999996,"children":{"GenerateSensorData":{"count":962571,"self":28.805075199999997,"total":32.1131789,"children":{"RayPerceptionSensor.Perceive":{"count":1925142,"self":3.3081044,"total":3.3081045,"children":null}}}}}},"gauges":{"g1_behavior.CumulativeReward":{"count":966232,"max":-5839.154,"min":-9613505,"runningAverage":-69408.15,"value":-41048.85,"weightedAverage":-67953.66}},"metadata":{"timer_format_version":"0.1.0","start_time_seconds":"1780348383","unity_version":"6000.3.10f1","command_line_arguments":"C:\\Program Files\\Unity\\Hub\\Editor\\6000.3.10f1\\Editor\\Unity.exe -projectpath F:\\UnityProjects\\DigitalTwin -acceptSoftwareTermsForThisRunOnly -useHub -hubIPC -cloudEnvironment production","communication_protocol_version":"1.5.0","com.unity.ml-agents_version":"4.0.3","scene_name":"SampleScene","end_time_seconds":"1780381790"}}